{"1": {"accuracy": 0.9370941558441559, "f1": 0.9041039389564859, "precision": 0.8965235173824131, "recall": 0.9118136439267887}, "2": {"accuracy": 0.939935064935065, "f1": 0.9033942558746736, "precision": 0.9470802919708029, "recall": 0.8635607321131448}, "3": {"accuracy": 0.939258658008658, "f1": 0.9054935802988845, "precision": 0.9164891350660418, "recall": 0.8947587354409318}, "4": {"accuracy": 0.9419642857142857, "f1": 0.9072833369353793, "precision": 0.9442195231668916, "recall": 0.8731281198003328}, "5": {"accuracy": 0.9380411255411255, "f1": 0.9030482641828959, "precision": 0.9193965517241379, "recall": 0.8872712146422629}, "6": {"accuracy": 0.9387175324675324, "f1": 0.9023075264179427, "precision": 0.9368562472010747, "recall": 0.870216306156406}, "7": {"accuracy": 0.9365530303030303, "f1": 0.9001490312965723, "precision": 0.9219363279546445, "recall": 0.8793677204658902}, "8": {"accuracy": 0.9362824675324676, "f1": 0.898250162022035, "precision": 0.9343820224719102, "recall": 0.8648086522462562}, "9": {"accuracy": 0.9358766233766234, "f1": 0.8988476312419974, "precision": 0.922874671340929, "recall": 0.8760399334442596}, "10": {"accuracy": 0.935741341991342, "f1": 0.8972528661042612, "precision": 0.9346552501126634, "recall": 0.8627287853577371}, "11": {"accuracy": 0.9345238095238095, "f1": 0.89666951323655, "precision": 0.9210526315789473, "recall": 0.8735440931780366}, "12": {"accuracy": 0.9338474025974026, "f1": 0.894770819883796, "precision": 0.9268836379848417, "recall": 0.8648086522462562}, "13": {"accuracy": 0.9306006493506493, "f1": 0.8907813497977433, "precision": 0.9123419101613607, "recall": 0.870216306156406}, "14": {"accuracy": 0.9318181818181818, "f1": 0.8917525773195877, "precision": 0.9218472468916519, "recall": 0.8635607321131448}, "15": {"accuracy": 0.9310064935064936, "f1": 0.8911651728553137, "precision": 0.9149868536371604, "recall": 0.8685524126455907}}